42	done	results/hard_border_large_metadata_comp027_p4_seed42_threshold.json
43	done	results/hard_border_large_metadata_comp027_p4_seed43_threshold.json
44	done	results/hard_border_large_metadata_comp027_p4_seed44_threshold.json
45	done	results/hard_border_large_metadata_comp027_p4_seed45_threshold.json
46	done	results/hard_border_large_metadata_comp027_p4_seed46_threshold.json
47	done	results/hard_border_large_metadata_comp027_p4_seed47_threshold.json
48	done	results/hard_border_large_metadata_comp027_p4_seed48_threshold.json
49	done	results/hard_border_large_metadata_comp027_p4_seed49_threshold.json
50	done	results/hard_border_large_metadata_comp027_p4_seed50_threshold.json
51	done	results/hard_border_large_metadata_comp027_p4_seed51_threshold.json
52	done	results/hard_border_large_metadata_comp027_p4_seed52_threshold.json
53	done	results/hard_border_large_metadata_comp027_p4_seed53_threshold.json
54	done	results/hard_border_large_metadata_comp027_p4_seed54_threshold.json
