task,variant,label,seed,threshold,val_accuracy,val_f1,test_accuracy,test_f1,test_precision,test_recall
border_medium,metadata_027,metadata-driven comp=0.27/p4,47,0.9748382568359375,0.9921875,0.9921259842519685,0.99609375,0.996078431372549,1.0,0.9921875
border_medium,metadata_027,metadata-driven comp=0.27/p4,48,0.4829731285572052,0.8125,0.8080000000000002,0.7890625,0.784,0.8032786885245902,0.765625
border_medium,metadata_027,metadata-driven comp=0.27/p4,49,0.5338541269302368,0.91015625,0.9090909090909092,0.9140625,0.9105691056910569,0.9491525423728814,0.875
border_medium,metadata_027,metadata-driven comp=0.27/p4,50,0.4523310661315918,0.97265625,0.9731800766283524,0.9296875,0.9296875,0.9296875,0.9296875
border_medium,metadata_027,metadata-driven comp=0.27/p4,51,0.5271773934364319,0.84765625,0.8340425531914893,0.890625,0.8823529411764707,0.9545454545454546,0.8203125
border_medium,metadata_027,metadata-driven comp=0.27/p4,52,0.3160633146762848,0.93359375,0.9358490566037736,0.94140625,0.9433962264150944,0.9124087591240876,0.9765625
border_medium,metadata_027,metadata-driven comp=0.27/p4,53,0.3942241370677948,0.98046875,0.9802371541501976,0.96484375,0.963855421686747,0.9917355371900827,0.9375
border_medium,metadata_027,metadata-driven comp=0.27/p4,54,0.28181982040405273,0.9921875,0.9921259842519685,0.98046875,0.9803921568627452,0.984251968503937,0.9765625
border_medium,activation_027,activation-derived comp=0.27/p4,47,0.3360477685928345,0.91796875,0.9156626506024097,0.9140625,0.9140625,0.9140625,0.9140625
border_medium,activation_027,activation-derived comp=0.27/p4,48,0.4992091953754425,0.92578125,0.9224489795918367,0.9375,0.9365079365079365,0.9516129032258065,0.921875
border_medium,activation_027,activation-derived comp=0.27/p4,49,0.3971714675426483,0.87890625,0.8803088803088803,0.89453125,0.896551724137931,0.8796992481203008,0.9140625
border_medium,activation_027,activation-derived comp=0.27/p4,50,0.5226967930793762,0.9140625,0.9075630252100839,0.90625,0.8991596638655464,0.9727272727272728,0.8359375
border_medium,activation_027,activation-derived comp=0.27/p4,51,0.4569091498851776,0.87890625,0.8755020080321286,0.8984375,0.8934426229508198,0.9396551724137931,0.8515625
border_medium,activation_027,activation-derived comp=0.27/p4,52,0.526272714138031,0.9375,0.9375,0.93359375,0.933852140077821,0.9302325581395349,0.9375
border_medium,activation_027,activation-derived comp=0.27/p4,53,0.4640439748764038,0.90625,0.9069767441860466,0.93359375,0.933852140077821,0.9302325581395349,0.9375
border_medium,activation_027,activation-derived comp=0.27/p4,54,0.4654059410095215,0.9140625,0.9112903225806451,0.921875,0.9212598425196851,0.9285714285714286,0.9140625
border_medium,no_comp_000,no compensation comp=0.00/p4,47,0.2792820632457733,0.90625,0.9076923076923077,0.90234375,0.9042145593869733,0.8872180451127819,0.921875
border_medium,no_comp_000,no compensation comp=0.00/p4,48,0.4310038089752197,0.88671875,0.890566037735849,0.88671875,0.8929889298892989,0.8461538461538461,0.9453125
border_medium,no_comp_000,no compensation comp=0.00/p4,49,0.5337490439414978,0.90234375,0.900398406374502,0.921875,0.9224806201550388,0.9153846153846154,0.9296875
border_medium,no_comp_000,no compensation comp=0.00/p4,50,0.3578011095523834,0.8984375,0.8976377952755906,0.93359375,0.9343629343629344,0.9236641221374046,0.9453125
border_medium,no_comp_000,no compensation comp=0.00/p4,51,0.4325835704803467,0.90625,0.9076923076923077,0.91015625,0.9132075471698112,0.8832116788321168,0.9453125
border_medium,no_comp_000,no compensation comp=0.00/p4,52,0.5,0.890625,0.8897637795275591,0.8984375,0.8968253968253969,0.9112903225806451,0.8828125
border_medium,no_comp_000,no compensation comp=0.00/p4,53,0.35020145773887634,0.89453125,0.8941176470588235,0.89453125,0.897338403041825,0.8740740740740741,0.921875
border_medium,no_comp_000,no compensation comp=0.00/p4,54,0.5185031294822693,0.8984375,0.8943089430894309,0.9140625,0.9120000000000001,0.9344262295081968,0.890625
border_hard,metadata_027,metadata-driven comp=0.27/p4,47,0.5541484951972961,0.96484375,0.9652509652509652,0.953125,0.9534883720930233,0.9461538461538461,0.9609375
border_hard,metadata_027,metadata-driven comp=0.27/p4,48,0.2725757658481598,0.98828125,0.9881422924901185,0.9609375,0.959349593495935,1.0,0.921875
border_hard,metadata_027,metadata-driven comp=0.27/p4,49,0.1110440194606781,0.9921875,0.9921259842519685,0.984375,0.9842519685039369,0.9920634920634921,0.9765625
border_hard,metadata_027,metadata-driven comp=0.27/p4,50,0.47293299436569214,0.953125,0.9538461538461539,0.93359375,0.935361216730038,0.9111111111111111,0.9609375
border_hard,metadata_027,metadata-driven comp=0.27/p4,51,0.4309023916721344,0.99609375,0.996078431372549,0.98828125,0.9881422924901185,1.0,0.9765625
border_hard,metadata_027,metadata-driven comp=0.27/p4,52,0.4663766324520111,0.890625,0.8870967741935484,0.8359375,0.823529411764706,0.8909090909090909,0.765625
border_hard,metadata_027,metadata-driven comp=0.27/p4,53,0.5495151281356812,0.90234375,0.8995983935742972,0.8671875,0.860655737704918,0.9051724137931034,0.8203125
border_hard,metadata_027,metadata-driven comp=0.27/p4,54,0.48111510276794434,0.9140625,0.9133858267716536,0.90625,0.90625,0.90625,0.90625
border_hard,activation_027,activation-derived comp=0.27/p4,47,0.4197102189064026,0.875,0.880597014925373,0.83203125,0.8447653429602889,0.785234899328859,0.9140625
border_hard,activation_027,activation-derived comp=0.27/p4,48,0.4973665475845337,0.77734375,0.7896678966789668,0.74609375,0.7450980392156863,0.7480314960629921,0.7421875
border_hard,activation_027,activation-derived comp=0.27/p4,49,0.4473603665828705,0.9140625,0.9153846153846155,0.87109375,0.8745247148288974,0.8518518518518519,0.8984375
border_hard,activation_027,activation-derived comp=0.27/p4,50,0.44392865896224976,0.87890625,0.8803088803088803,0.80859375,0.8078431372549021,0.8110236220472441,0.8046875
border_hard,activation_027,activation-derived comp=0.27/p4,51,0.41756460070610046,0.89453125,0.898876404494382,0.8203125,0.8257575757575757,0.8014705882352942,0.8515625
border_hard,activation_027,activation-derived comp=0.27/p4,52,0.3813313841819763,0.9140625,0.9172932330827068,0.87890625,0.8864468864468863,0.8344827586206897,0.9453125
border_hard,activation_027,activation-derived comp=0.27/p4,53,0.4186786413192749,0.9296875,0.9279999999999999,0.8828125,0.883720930232558,0.8769230769230769,0.890625
border_hard,activation_027,activation-derived comp=0.27/p4,54,0.4274263083934784,0.875,0.8778625954198473,0.83203125,0.8326848249027237,0.8294573643410853,0.8359375
border_hard,no_comp_000,no compensation comp=0.00/p4,47,0.4665597677230835,0.90234375,0.9019607843137255,0.87109375,0.8745247148288974,0.8518518518518519,0.8984375
border_hard,no_comp_000,no compensation comp=0.00/p4,48,0.4582533538341522,0.8984375,0.8968253968253969,0.8671875,0.8650793650793651,0.8790322580645161,0.8515625
border_hard,no_comp_000,no compensation comp=0.00/p4,49,0.4478634297847748,0.8984375,0.8959999999999999,0.8515625,0.8527131782945736,0.8461538461538461,0.859375
border_hard,no_comp_000,no compensation comp=0.00/p4,50,0.48211151361465454,0.875,0.875,0.84765625,0.8494208494208494,0.8396946564885496,0.859375
border_hard,no_comp_000,no compensation comp=0.00/p4,51,0.46340373158454895,0.93359375,0.9343629343629344,0.89453125,0.8996282527881041,0.8581560283687943,0.9453125
border_hard,no_comp_000,no compensation comp=0.00/p4,52,0.5029634237289429,0.69921875,0.717948717948718,0.63671875,0.6759581881533101,0.610062893081761,0.7578125
border_hard,no_comp_000,no compensation comp=0.00/p4,53,0.5200010538101196,0.89453125,0.8906882591093118,0.8671875,0.860655737704918,0.9051724137931034,0.8203125
border_hard,no_comp_000,no compensation comp=0.00/p4,54,0.4666064977645874,0.84375,0.8473282442748091,0.83203125,0.8339768339768341,0.8244274809160306,0.84375
