benchmark,method,label,family,seed,val_accuracy,val_macro_f1,test_accuracy,test_macro_f1
splice_sites_all_kmer_balanced,splice_kmer_balanced_confirm_lora_attention_output_classifier,LoRA attention.output + classifier,dnabert2_lora_baseline,50,0.3638888888888889,0.27510015368505686,0.3383333333333333,0.25025239374322855
splice_sites_all_kmer_balanced,splice_kmer_balanced_confirm_lora_attention_output_classifier,LoRA attention.output + classifier,dnabert2_lora_baseline,51,0.3516666666666667,0.2297855724975391,0.35333333333333333,0.23530970411454044
splice_sites_all_kmer_balanced,splice_kmer_balanced_confirm_lora_attention_output_classifier,LoRA attention.output + classifier,dnabert2_lora_baseline,52,0.35333333333333333,0.25028975181972773,0.35388888888888886,0.25744227448766915
splice_sites_all_kmer_balanced,splice_kmer_balanced_confirm_lora_attention_output_classifier,LoRA attention.output + classifier,dnabert2_lora_baseline,53,0.35388888888888886,0.23434465776909963,0.3422222222222222,0.2197476647974322
splice_sites_all_kmer_balanced,splice_kmer_balanced_confirm_lora_attention_output_classifier,LoRA attention.output + classifier,dnabert2_lora_baseline,54,0.34833333333333333,0.22617341829525053,0.3566666666666667,0.2395291812090351
splice_sites_all_kmer_balanced,splice_kmer_balanced_confirm_germ_bo_quantile_q08_12_comp027,"GERM-BO quantile [0.8,1.2] comp0.27",dnabert2_germ_bo,50,0.3611111111111111,0.2670315883374921,0.3605555555555556,0.2670734458425223
splice_sites_all_kmer_balanced,splice_kmer_balanced_confirm_germ_bo_quantile_q08_12_comp027,"GERM-BO quantile [0.8,1.2] comp0.27",dnabert2_germ_bo,51,0.4127777777777778,0.38503891494679704,0.41888888888888887,0.38947968716343623
splice_sites_all_kmer_balanced,splice_kmer_balanced_confirm_germ_bo_quantile_q08_12_comp027,"GERM-BO quantile [0.8,1.2] comp0.27",dnabert2_germ_bo,52,0.3794444444444444,0.34706456683757486,0.37277777777777776,0.3468825683599536
splice_sites_all_kmer_balanced,splice_kmer_balanced_confirm_germ_bo_quantile_q08_12_comp027,"GERM-BO quantile [0.8,1.2] comp0.27",dnabert2_germ_bo,53,0.39944444444444444,0.4013629763843432,0.3883333333333333,0.3900905571725783
splice_sites_all_kmer_balanced,splice_kmer_balanced_confirm_germ_bo_quantile_q08_12_comp027,"GERM-BO quantile [0.8,1.2] comp0.27",dnabert2_germ_bo,54,0.4166666666666667,0.4112914568836687,0.4033333333333333,0.396599348436884
splice_sites_all_kmer_balanced,splice_kmer_balanced_ablation_baseline_lora_full,Baseline LoRA full target set,dnabert2_lora,50,0.3672222222222222,0.271162420434973,0.38222222222222224,0.29801228075868724
splice_sites_all_kmer_balanced,splice_kmer_balanced_ablation_baseline_lora_full,Baseline LoRA full target set,dnabert2_lora,51,0.4061111111111111,0.3600455568344396,0.40444444444444444,0.364967625926709
splice_sites_all_kmer_balanced,splice_kmer_balanced_ablation_baseline_lora_full,Baseline LoRA full target set,dnabert2_lora,52,0.3333333333333333,0.16666666666666666,0.3333333333333333,0.16666666666666666
splice_sites_all_kmer_balanced,splice_kmer_balanced_ablation_baseline_lora_full,Baseline LoRA full target set,dnabert2_lora,53,0.33444444444444443,0.17038904948989178,0.33555555555555555,0.17561628976740817
splice_sites_all_kmer_balanced,splice_kmer_balanced_ablation_baseline_lora_full,Baseline LoRA full target set,dnabert2_lora,54,0.3327777777777778,0.16652766194050597,0.3333333333333333,0.16666666666666666
splice_sites_all_kmer_balanced,splice_kmer_balanced_ablation_germ_bo_comp0,GERM-BO comp=0,mechanism_ablation,50,0.3638888888888889,0.27510015368505686,0.3383333333333333,0.25025239374322855
splice_sites_all_kmer_balanced,splice_kmer_balanced_ablation_germ_bo_comp0,GERM-BO comp=0,mechanism_ablation,51,0.3516666666666667,0.2297855724975391,0.35333333333333333,0.23530970411454044
splice_sites_all_kmer_balanced,splice_kmer_balanced_ablation_germ_bo_comp0,GERM-BO comp=0,mechanism_ablation,52,0.35333333333333333,0.25028975181972773,0.35388888888888886,0.25744227448766915
splice_sites_all_kmer_balanced,splice_kmer_balanced_ablation_germ_bo_comp0,GERM-BO comp=0,mechanism_ablation,53,0.35388888888888886,0.23434465776909963,0.3422222222222222,0.2197476647974322
splice_sites_all_kmer_balanced,splice_kmer_balanced_ablation_germ_bo_comp0,GERM-BO comp=0,mechanism_ablation,54,0.34833333333333333,0.22617341829525053,0.3566666666666667,0.2395291812090351
splice_sites_all_kmer_balanced,splice_kmer_balanced_ablation_germ_bo_shuffled,GERM-BO shuffled metadata,mechanism_ablation,50,0.3927777777777778,0.3711979801022816,0.37722222222222224,0.35179644480775
splice_sites_all_kmer_balanced,splice_kmer_balanced_ablation_germ_bo_shuffled,GERM-BO shuffled metadata,mechanism_ablation,51,0.3511111111111111,0.2763682684028692,0.3705555555555556,0.2948851499065255
splice_sites_all_kmer_balanced,splice_kmer_balanced_ablation_germ_bo_shuffled,GERM-BO shuffled metadata,mechanism_ablation,52,0.3338888888888889,0.1699816161018095,0.33111111111111113,0.16686500084407338
splice_sites_all_kmer_balanced,splice_kmer_balanced_ablation_germ_bo_shuffled,GERM-BO shuffled metadata,mechanism_ablation,53,0.3844444444444444,0.3521511540480782,0.40166666666666667,0.37167664786712407
splice_sites_all_kmer_balanced,splice_kmer_balanced_ablation_germ_bo_shuffled,GERM-BO shuffled metadata,mechanism_ablation,54,0.35555555555555557,0.25236129055412,0.3472222222222222,0.23694059314924543
splice_sites_all_kmer_balanced,splice_kmer_balanced_ablation_linear_probe,DNABERT-2 frozen linear probe,dnabert2_probe,50,0.33611111111111114,0.17747209716798695,0.33444444444444443,0.17616581007358834
splice_sites_all_kmer_balanced,splice_kmer_balanced_ablation_linear_probe,DNABERT-2 frozen linear probe,dnabert2_probe,51,0.3338888888888889,0.1678454023989012,0.3327777777777778,0.1676275396963255
splice_sites_all_kmer_balanced,splice_kmer_balanced_ablation_linear_probe,DNABERT-2 frozen linear probe,dnabert2_probe,52,0.3338888888888889,0.1678454023989012,0.3333333333333333,0.16666666666666666
splice_sites_all_kmer_balanced,splice_kmer_balanced_ablation_linear_probe,DNABERT-2 frozen linear probe,dnabert2_probe,53,0.3333333333333333,0.16666666666666666,0.3333333333333333,0.16666666666666666
splice_sites_all_kmer_balanced,splice_kmer_balanced_ablation_linear_probe,DNABERT-2 frozen linear probe,dnabert2_probe,54,0.3333333333333333,0.16666666666666666,0.3333333333333333,0.16666666666666666
splice_sites_all_kmer_balanced,kmer_logreg,3-mer Logistic Regression,traditional_kmer,45,0.3933333456516266,0.3894827224236348,0.41277778148651123,0.40854605325092086
splice_sites_all_kmer_balanced,kmer_linear_svm,3-mer Linear SVM,traditional_kmer,45,0.4005555510520935,0.4002619730716763,0.4172222316265106,0.4164072081759851
splice_sites_all_kmer_balanced,kmer_multinomial_nb,3-mer Multinomial NB,traditional_kmer,45,0.3844444453716278,0.3788991020317689,0.4033333361148834,0.39938168509229
splice_sites_all_kmer_balanced,kmer_nearest_centroid,3-mer Nearest Centroid,traditional_kmer,45,0.38055557012557983,0.37474803562785275,0.4033333361148834,0.3993757677239231
splice_sites_all_kmer_balanced,kmer_logreg,3-mer Logistic Regression,traditional_kmer,46,0.3888888955116272,0.38537706963923785,0.40833333134651184,0.40453424214084927
splice_sites_all_kmer_balanced,kmer_linear_svm,3-mer Linear SVM,traditional_kmer,46,0.39944443106651306,0.3991991289621037,0.4138889014720917,0.41305432867099995
splice_sites_all_kmer_balanced,kmer_multinomial_nb,3-mer Multinomial NB,traditional_kmer,46,0.3844444453716278,0.3788991020317689,0.4033333361148834,0.39938168509229
splice_sites_all_kmer_balanced,kmer_nearest_centroid,3-mer Nearest Centroid,traditional_kmer,46,0.38055557012557983,0.37474803562785275,0.4033333361148834,0.3993757677239231
splice_sites_all_kmer_balanced,kmer_logreg,3-mer Logistic Regression,traditional_kmer,47,0.39500001072883606,0.3916603220141375,0.40888887643814087,0.40451778628662954
splice_sites_all_kmer_balanced,kmer_linear_svm,3-mer Linear SVM,traditional_kmer,47,0.39444443583488464,0.39397857056048835,0.41333332657814026,0.412581034574824
splice_sites_all_kmer_balanced,kmer_multinomial_nb,3-mer Multinomial NB,traditional_kmer,47,0.3844444453716278,0.3788991020317689,0.4033333361148834,0.39938168509229
splice_sites_all_kmer_balanced,kmer_nearest_centroid,3-mer Nearest Centroid,traditional_kmer,47,0.38055557012557983,0.37474803562785275,0.4033333361148834,0.3993757677239231
splice_sites_all_kmer_balanced,kmer_logreg,3-mer Logistic Regression,traditional_kmer,48,0.3938888907432556,0.39020811164055114,0.41055554151535034,0.40630562808857235
splice_sites_all_kmer_balanced,kmer_linear_svm,3-mer Linear SVM,traditional_kmer,48,0.39944443106651306,0.3989723896261194,0.4138889014720917,0.41302297442371977
splice_sites_all_kmer_balanced,kmer_multinomial_nb,3-mer Multinomial NB,traditional_kmer,48,0.3844444453716278,0.3788991020317689,0.4033333361148834,0.39938168509229
splice_sites_all_kmer_balanced,kmer_nearest_centroid,3-mer Nearest Centroid,traditional_kmer,48,0.38055557012557983,0.37474803562785275,0.4033333361148834,0.3993757677239231
splice_sites_all_kmer_balanced,kmer_logreg,3-mer Logistic Regression,traditional_kmer,49,0.38999998569488525,0.3865391164373877,0.40666666626930237,0.402326053723944
splice_sites_all_kmer_balanced,kmer_linear_svm,3-mer Linear SVM,traditional_kmer,49,0.4011111259460449,0.4008202106302223,0.4099999964237213,0.4089714305584033
splice_sites_all_kmer_balanced,kmer_multinomial_nb,3-mer Multinomial NB,traditional_kmer,49,0.3844444453716278,0.3788991020317689,0.4033333361148834,0.39938168509229
splice_sites_all_kmer_balanced,kmer_nearest_centroid,3-mer Nearest Centroid,traditional_kmer,49,0.38055557012557983,0.37474803562785275,0.4033333361148834,0.3993757677239231
