task,comp,label,seed,threshold,val_accuracy,val_f1,test_accuracy,test_f1,test_precision,test_recall,pred_0,pred_1,cuda_visible_devices,visible_gpu_count,selected_device,selected_gpu_name
border_medium,015,"comp=0.15, clip=[0.85,1.30], patience=4",42,0.48734530806541443,0.93359375,0.9328063241106719,0.93359375,0.9328063241106719,0.944,0.921875,131,125,3,1,cuda:0,NVIDIA H20
border_medium,015,"comp=0.15, clip=[0.85,1.30], patience=4",43,0.48963552713394165,0.90625,0.9032258064516129,0.8984375,0.8992248062015504,0.8923076923076924,0.90625,126,130,3,1,cuda:0,NVIDIA H20
border_medium,015,"comp=0.15, clip=[0.85,1.30], patience=4",44,0.4997134208679199,0.8828125,0.883720930232558,0.875,0.8787878787878787,0.8529411764705882,0.90625,120,136,3,1,cuda:0,NVIDIA H20
border_medium,015,"comp=0.15, clip=[0.85,1.30], patience=4",45,0.42048126459121704,0.90234375,0.9049429657794676,0.9140625,0.917910447761194,0.8785714285714286,0.9609375,116,140,3,1,cuda:0,NVIDIA H20
border_medium,015,"comp=0.15, clip=[0.85,1.30], patience=4",46,0.4796275794506073,0.90234375,0.8979591836734694,0.9140625,0.9098360655737704,0.9568965517241379,0.8671875,140,116,3,1,cuda:0,NVIDIA H20
border_medium,020,"comp=0.20, clip=[0.80,1.35], patience=4",42,0.4830331802368164,0.9140625,0.9120000000000001,0.90234375,0.8995983935742972,0.9256198347107438,0.875,135,121,3,1,cuda:0,NVIDIA H20
border_medium,020,"comp=0.20, clip=[0.80,1.35], patience=4",43,0.4632212519645691,0.8984375,0.9015151515151515,0.91015625,0.9111969111969112,0.9007633587786259,0.921875,125,131,3,1,cuda:0,NVIDIA H20
border_medium,020,"comp=0.20, clip=[0.80,1.35], patience=4",44,0.44347867369651794,0.85546875,0.867383512544803,0.8203125,0.8345323741007193,0.7733333333333333,0.90625,106,150,3,1,cuda:0,NVIDIA H20
border_medium,020,"comp=0.20, clip=[0.80,1.35], patience=4",45,0.22398649156093597,0.93359375,0.9363295880149812,0.94921875,0.950191570881226,0.9323308270676691,0.96875,123,133,3,1,cuda:0,NVIDIA H20
border_medium,020,"comp=0.20, clip=[0.80,1.35], patience=4",46,0.44149449467658997,0.875,0.8769230769230768,0.9140625,0.9160305343511451,0.8955223880597015,0.9375,122,134,3,1,cuda:0,NVIDIA H20
border_medium,025,"comp=0.25, clip=[0.75,1.40], patience=4",42,0.43645143508911133,0.82421875,0.8421052631578948,0.796875,0.8156028368794326,0.7467532467532467,0.8984375,102,154,3,1,cuda:0,NVIDIA H20
border_medium,025,"comp=0.25, clip=[0.75,1.40], patience=4",43,0.5,0.89453125,0.8906882591093118,0.91796875,0.9156626506024097,0.9421487603305785,0.890625,135,121,3,1,cuda:0,NVIDIA H20
border_medium,025,"comp=0.25, clip=[0.75,1.40], patience=4",44,0.34379300475120544,0.9296875,0.9296875,0.921875,0.9212598425196851,0.9285714285714286,0.9140625,130,126,3,1,cuda:0,NVIDIA H20
border_medium,025,"comp=0.25, clip=[0.75,1.40], patience=4",45,0.5147430896759033,0.81640625,0.8049792531120332,0.875,0.874015748031496,0.8809523809523809,0.8671875,130,126,3,1,cuda:0,NVIDIA H20
border_medium,025,"comp=0.25, clip=[0.75,1.40], patience=4",46,0.4849611818790436,0.80078125,0.7792207792207791,0.73046875,0.6960352422907489,0.797979797979798,0.6171875,157,99,3,1,cuda:0,NVIDIA H20
border_medium,027,"comp=0.27, clip=[0.73,1.42], patience=4",42,0.48508381843566895,0.875,0.8823529411764706,0.82421875,0.8375451263537906,0.7785234899328859,0.90625,107,149,3,1,cuda:0,NVIDIA H20
border_medium,027,"comp=0.27, clip=[0.73,1.42], patience=4",43,0.5128586888313293,0.87890625,0.8821292775665399,0.87890625,0.8847583643122676,0.8439716312056738,0.9296875,115,141,3,1,cuda:0,NVIDIA H20
border_medium,027,"comp=0.27, clip=[0.73,1.42], patience=4",44,0.4516780972480774,0.88671875,0.8929889298892989,0.86328125,0.8736462093862817,0.8120805369127517,0.9453125,107,149,3,1,cuda:0,NVIDIA H20
border_medium,027,"comp=0.27, clip=[0.73,1.42], patience=4",45,0.43101567029953003,0.9296875,0.9302325581395349,0.9375,0.9389312977099238,0.917910447761194,0.9609375,122,134,3,1,cuda:0,NVIDIA H20
border_medium,027,"comp=0.27, clip=[0.73,1.42], patience=4",46,0.3851942718029022,0.93359375,0.9317269076305222,0.9609375,0.9596774193548387,0.9916666666666667,0.9296875,136,120,3,1,cuda:0,NVIDIA H20
border_hard,015,"comp=0.15, clip=[0.85,1.30], patience=4",42,0.49226289987564087,0.890625,0.8955223880597014,0.828125,0.8370370370370371,0.795774647887324,0.8828125,114,142,3,1,cuda:0,NVIDIA H20
border_hard,015,"comp=0.15, clip=[0.85,1.30], patience=4",43,0.5101418495178223,0.8359375,0.8421052631578948,0.86328125,0.8698884758364313,0.8297872340425532,0.9140625,115,141,3,1,cuda:0,NVIDIA H20
border_hard,015,"comp=0.15, clip=[0.85,1.30], patience=4",44,0.51603764295578,0.85546875,0.8514056224899599,0.828125,0.824,0.8442622950819673,0.8046875,134,122,3,1,cuda:0,NVIDIA H20
border_hard,015,"comp=0.15, clip=[0.85,1.30], patience=4",45,0.4374888837337494,0.89453125,0.8941176470588235,0.85546875,0.8549019607843137,0.8582677165354331,0.8515625,129,127,3,1,cuda:0,NVIDIA H20
border_hard,015,"comp=0.15, clip=[0.85,1.30], patience=4",46,0.44540533423423767,0.88671875,0.8913857677902621,0.859375,0.8666666666666667,0.823943661971831,0.9140625,114,142,3,1,cuda:0,NVIDIA H20
border_hard,020,"comp=0.20, clip=[0.80,1.35], patience=4",42,0.491468608379364,0.8984375,0.8976377952755906,0.82421875,0.8132780082987552,0.8672566371681416,0.765625,143,113,3,1,cuda:0,NVIDIA H20
border_hard,020,"comp=0.20, clip=[0.80,1.35], patience=4",43,0.5369535088539124,0.8984375,0.9,0.84375,0.8412698412698412,0.8548387096774194,0.828125,132,124,3,1,cuda:0,NVIDIA H20
border_hard,020,"comp=0.20, clip=[0.80,1.35], patience=4",44,0.439109206199646,0.890625,0.890625,0.86328125,0.8616600790513834,0.872,0.8515625,131,125,3,1,cuda:0,NVIDIA H20
border_hard,020,"comp=0.20, clip=[0.80,1.35], patience=4",45,0.5,0.890625,0.8914728682170543,0.89453125,0.8941176470588235,0.8976377952755905,0.890625,129,127,3,1,cuda:0,NVIDIA H20
border_hard,020,"comp=0.20, clip=[0.80,1.35], patience=4",46,0.4579998850822449,0.890625,0.884297520661157,0.87890625,0.8724279835390947,0.9217391304347826,0.828125,141,115,3,1,cuda:0,NVIDIA H20
border_hard,025,"comp=0.25, clip=[0.75,1.40], patience=4",42,0.48221278190612793,0.90625,0.9032258064516129,0.86328125,0.8605577689243028,0.8780487804878049,0.84375,133,123,3,1,cuda:0,NVIDIA H20
border_hard,025,"comp=0.25, clip=[0.75,1.40], patience=4",43,0.47491270303726196,0.89453125,0.8915662650602411,0.89453125,0.8957528957528957,0.8854961832061069,0.90625,125,131,3,1,cuda:0,NVIDIA H20
border_hard,025,"comp=0.25, clip=[0.75,1.40], patience=4",44,0.4357280135154724,0.81640625,0.8112449799196787,0.796875,0.7936507936507936,0.8064516129032258,0.78125,132,124,3,1,cuda:0,NVIDIA H20
border_hard,025,"comp=0.25, clip=[0.75,1.40], patience=4",45,0.5264387130737305,0.89453125,0.889795918367347,0.828125,0.8166666666666667,0.875,0.765625,144,112,3,1,cuda:0,NVIDIA H20
border_hard,025,"comp=0.25, clip=[0.75,1.40], patience=4",46,0.5132685899734497,0.90234375,0.9056603773584906,0.875,0.8787878787878787,0.8529411764705882,0.90625,120,136,3,1,cuda:0,NVIDIA H20
border_hard,027,"comp=0.27, clip=[0.73,1.42], patience=4",42,0.48466506600379944,0.8828125,0.8880597014925372,0.84765625,0.8571428571428571,0.8068965517241379,0.9140625,111,145,3,1,cuda:0,NVIDIA H20
border_hard,027,"comp=0.27, clip=[0.73,1.42], patience=4",43,0.41293588280677795,0.9296875,0.931297709923664,0.90234375,0.9049429657794676,0.8814814814814815,0.9296875,121,135,3,1,cuda:0,NVIDIA H20
border_hard,027,"comp=0.27, clip=[0.73,1.42], patience=4",44,0.48811832070350647,0.8828125,0.8854961832061069,0.87109375,0.8754716981132076,0.8467153284671532,0.90625,119,137,3,1,cuda:0,NVIDIA H20
border_hard,027,"comp=0.27, clip=[0.73,1.42], patience=4",45,0.5237391591072083,0.90625,0.9055118110236221,0.86328125,0.8627450980392157,0.8661417322834646,0.859375,129,127,3,1,cuda:0,NVIDIA H20
border_hard,027,"comp=0.27, clip=[0.73,1.42], patience=4",46,0.4855727553367615,0.8984375,0.9,0.86328125,0.8679245283018867,0.8394160583941606,0.8984375,119,137,3,1,cuda:0,NVIDIA H20
